Entity,Code,Year,Bioenergy,Geothermal,Offshore wind,Solar photovoltaic,Concentrated solar power,Hydropower,Onshore wind
Argentina,ARG,1995,,,,,,,0.09830865
Argentina,ARG,1997,,,,,,,0.050110187
Argentina,ARG,2008,,,,,,,0.1927445
Argentina,ARG,2009,,,,,,,0.10860874
Argentina,ARG,2012,,,,,,,0.12629685
Argentina,ARG,2013,,,,,,,0.12754396
Argentina,ARG,2014,,,,,,,0.11122079
Argentina,ARG,2015,,,,,,,0.10638489
Argentina,ARG,2017,,,,,,,0.11211535
Argentina,ARG,2018,,,,,,,0.07988243
Argentina,ARG,2019,,,,,,,0.07017975
Argentina,ARG,2020,,,,,,,0.07848385
Argentina,ARG,2021,,,,,,,0.07653255
Argentina,ARG,2022,,,,,,,0.055677447
Argentina,ARG,2023,,,,,,,0.10790043
Argentina,ARG,2024,,,,,,,0.0802018
Australia,AUS,1998,,,,,,,0.28553784
Australia,AUS,2000,,,,,,,0.113615416
Australia,AUS,2001,,,,,,,0.081525855
Australia,AUS,2002,,,,,,,0.109951295
Australia,AUS,2003,,,,,,,0.11015775
Australia,AUS,2004,,,,,,,0.22109775
Australia,AUS,2005,,,,,,,0.10366254
Australia,AUS,2006,,,,,,,0.09884836
Australia,AUS,2007,,,,,,,0.08690321
Australia,AUS,2008,,,,,,,0.11561385
Australia,AUS,2009,,,,,,,0.087596096
Australia,AUS,2010,,,,0.49050656,,,0.14663462
Australia,AUS,2011,,,,0.48747972,,,0.12529537
Australia,AUS,2012,,,,0.29373592,,,0.12228712
Australia,AUS,2013,,,,0.17218637,,,0.09734644
Australia,AUS,2014,,,,0.14194363,,,0.09619286
Australia,AUS,2015,,,,0.12176265,,,0.082047604
Australia,AUS,2016,,,,0.09339652,,,0.07708115
Australia,AUS,2017,,,,0.09920647,,,0.060067378
Australia,AUS,2018,,,,0.083070554,,,0.049212236
Australia,AUS,2019,,,,0.07413044,,,0.046159316
Australia,AUS,2020,,,,0.058517877,,,0.051257677
Australia,AUS,2021,,,,0.048631787,,,0.033636007
Australia,AUS,2022,,,,0.042441983,,,0.03445939
Australia,AUS,2023,,,,0.035775542,,,0.043216687
Australia,AUS,2024,,,,0.049653575,,,0.041794613
Australia,AUS,2025,,,,0.039965868,,,0.047897644
Austria,AUT,1995,,,,,,,0.17082468
Austria,AUT,1996,,,,,,,0.20122086
Austria,AUT,1998,,,,,,,0.16887864
Austria,AUT,1999,,,,,,,0.14453834
Austria,AUT,2000,,,,,,,0.10372715
Austria,AUT,2012,,,,,,,0.12528044
Austria,AUT,2013,,,,,,,0.19101085
Austria,AUT,2014,,,,,,,0.11794091
Austria,AUT,2015,,,,,,,0.104813546
Austria,AUT,2016,,,,,,,0.09251948
Austria,AUT,2017,,,,,,,0.080473244
Austria,AUT,2018,,,,,,,0.0694105
Austria,AUT,2022,,,,,,,0.062361445
Austria,AUT,2023,,,,,,,0.04733993
Austria,AUT,2024,,,,,,,0.06126949
Austria,AUT,2025,,,,,,,0.062464964
Belgium,BEL,2010,,,,,,,0.09650183
Belgium,BEL,2011,,,,,,,0.109729305
Belgium,BEL,2012,,,,,,,0.13080059
Belgium,BEL,2014,,,,,,,0.103568085
Belgium,BEL,2015,,,,,,,0.09522925
Belgium,BEL,2016,,,,,,,0.10828592
Belgium,BEL,2017,,,,,,,0.08463709
Belgium,BEL,2018,,,,,,,0.067395814
Belgium,BEL,2019,,,,,,,0.06606774
Belgium,BEL,2020,,,,,,,0.060968228
Belgium,BEL,2021,,,,,,,0.05183385
Belgium,BEL,2022,,,,,,,0.062104966
Belgium,BEL,2023,,,,,,,0.06363763
Belgium,BEL,2024,,,,,,,0.06651072
Belgium,BEL,2025,,,,,,,0.07335031
Brazil,BRA,2001,,,,,,,0.16233025
Brazil,BRA,2002,,,,,,,0.13755399
Brazil,BRA,2003,,,,,,,0.15632181
Brazil,BRA,2005,,,,,,,0.14668632
Brazil,BRA,2006,,,,,,,0.10586307
Brazil,BRA,2007,,,,,,,0.11174048
Brazil,BRA,2008,,,,,,,0.09041523
Brazil,BRA,2009,,,,,,,0.12997782
Brazil,BRA,2010,,,,,,,0.12505285
Brazil,BRA,2011,,,,0.62225926,,,0.10007716
Brazil,BRA,2012,,,,,,,0.09503042
Brazil,BRA,2013,,,,0.445112,,,0.088106304
Brazil,BRA,2014,,,,0.16850738,,,0.071932584
Brazil,BRA,2015,,,,0.1836573,,,0.062089
Brazil,BRA,2016,,,,0.13923094,,,0.05945086
Brazil,BRA,2017,,,,0.09172076,,,0.049688887
Brazil,BRA,2018,,,,0.103334874,,,0.04881647
Brazil,BRA,2019,,,,0.09701658,,,0.03827411
Brazil,BRA,2020,,,,0.07770074,,,0.035417072
Brazil,BRA,2021,,,,0.04794616,,,0.026198067
Brazil,BRA,2022,,,,0.045459356,,,0.023951773
Brazil,BRA,2023,,,,0.043257058,,,0.025132513
Brazil,BRA,2024,,,,0.048443347,,,0.02990177
Brazil,BRA,2025,,,,0.03651688,,,0.030871013
Canada,CAN,1990,,,,,,,0.222909
Canada,CAN,1992,,,,,,,0.21199481
Canada,CAN,1993,,,,,,,0.068579614
Canada,CAN,1994,,,,,,,0.10520656
Canada,CAN,1996,,,,,,,0.17692596
Canada,CAN,1999,,,,,,,0.17649527
Canada,CAN,2000,,,,,,,0.14622854
Canada,CAN,2001,,,,,,,0.11030019
Canada,CAN,2002,,,,,,,0.10422267
Canada,CAN,2003,,,,,,,0.10523912
Canada,CAN,2004,,,,,,,0.103158325
Canada,CAN,2005,,,,,,,0.09132277
Canada,CAN,2006,,,,,,,0.100153305
Canada,CAN,2007,,,,,,,0.11194973
Canada,CAN,2008,,,,,,,0.114329666
Canada,CAN,2009,,,,,,,0.113608986
Canada,CAN,2010,,,,,,,0.12458997
Canada,CAN,2011,,,,,,,0.109425895
Canada,CAN,2012,,,,,,,0.123326324
Canada,CAN,2013,,,,,,,0.11232521
Canada,CAN,2014,,,,,,,0.09747088
Canada,CAN,2015,,,,,,,0.08830686
Canada,CAN,2016,,,,,,,0.08646789
Canada,CAN,2017,,,,,,,0.07114012
Canada,CAN,2018,,,,0.18601859,,,0.059331898
Canada,CAN,2019,,,,0.120840654,,,0.06394182
Canada,CAN,2020,,,,0.10045032,,,0.04042955
Canada,CAN,2021,,,,0.08516634,,,0.031600554
Canada,CAN,2022,,,,0.07219072,,,0.034029264
Canada,CAN,2023,,,,0.10637197,,,0.037629806
Canada,CAN,2024,,,,,,,0.035150085
Canada,CAN,2025,,,,,,,0.041202456
Chile,CHL,2009,,,,,,,0.22400983
Chile,CHL,2011,,,,,,,0.14387742
Chile,CHL,2012,,,,0.21794009,,,0.10223959
Chile,CHL,2013,,,,0.16172221,,,0.09999415
Chile,CHL,2014,,,,0.15909909,,,0.09918607
Chile,CHL,2015,,,,0.11017988,,,0.09556158
Chile,CHL,2016,,,,0.101232186,,,0.0805094
Chile,CHL,2017,,,,0.09737591,,,0.076818384
Chile,CHL,2018,,,,0.12910484,,,0.05666716
Chile,CHL,2019,,,,0.10293238,,,0.0745539
Chile,CHL,2020,,,,0.06959676,,,0.042892344
Chile,CHL,2021,,,,0.049619596,,,0.042404555
Chile,CHL,2022,,,,0.045333337,,,0.055552106
Chile,CHL,2023,,,,0.043112043,,,0.051103354
Chile,CHL,2024,,,,,,,0.046543337
Chile,CHL,2025,,,,,,,0.045980047
China,CHN,1996,,,,,,,0.20906188
China,CHN,1997,,,,,,,0.20906188
China,CHN,1998,,,,,,,0.19178967
China,CHN,1999,,,,,,,0.1875278
China,CHN,2000,,,,,,,0.17133228
China,CHN,2001,,,,,,,0.14305492
China,CHN,2002,,,,,,,0.16110359
China,CHN,2003,,,,,,,0.11279446
China,CHN,2004,,,,,,,0.11912281
China,CHN,2005,,,,,,,0.116621524
China,CHN,2006,,,,,,,0.11065547
China,CHN,2007,,,,,,,0.096896864
China,CHN,2008,,,,,,,0.10254036
China,CHN,2009,,,,,,,0.103925325
China,CHN,2010,,,,0.3478405,,,0.09223594
China,CHN,2011,,,,0.30377606,,,0.08724144
China,CHN,2012,,,,0.22241905,,,0.08585865
China,CHN,2013,,,,0.17646833,,,0.08043855
China,CHN,2014,,,,0.12963891,,,0.07613764
China,CHN,2015,,,,0.0966326,,,0.07068341
China,CHN,2016,,,,0.08339424,,,0.065297864
China,CHN,2017,,,,0.07426378,,,0.051044744
China,CHN,2018,,,,0.05676608,,,0.05369319
China,CHN,2019,,,,0.051626235,,,0.04176588
China,CHN,2020,,,,0.043818224,,,0.0380572
China,CHN,2021,,,,0.03955567,,,0.030620331
China,CHN,2022,,,,0.03938901,,,0.028609388
China,CHN,2023,,,,0.03649012,,,0.026642129
China,CHN,2024,,,,0.03348372,,,0.029029673
China,CHN,2025,,,,0.035850305,,,0.026907237
Costa Rica,CRI,1999,,,,,,,0.08597798
Costa Rica,CRI,2003,,,,,,,0.067741245
Costa Rica,CRI,2009,,,,,,,0.105339594
Costa Rica,CRI,2011,,,,,,,0.10694981
Costa Rica,CRI,2012,,,,,,,0.14759396
Costa Rica,CRI,2014,,,,,,,0.075524956
Costa Rica,CRI,2015,,,,,,,0.07354329
Costa Rica,CRI,2016,,,,,,,0.08382575
Costa Rica,CRI,2017,,,,,,,0.05234419
Croatia,HRV,2008,,,,,,,0.22772539
Croatia,HRV,2009,,,,,,,0.17962459
Croatia,HRV,2011,,,,,,,0.17243151
Croatia,HRV,2012,,,,,,,0.14201432
Croatia,HRV,2014,,,,,,,0.18128993
Croatia,HRV,2015,,,,,,,0.0982597
Croatia,HRV,2016,,,,,,,0.09661605
Croatia,HRV,2017,,,,,,,0.07183576
Croatia,HRV,2020,,,,,,,0.05420817
Croatia,HRV,2021,,,,,,,0.051466677
Croatia,HRV,2023,,,,,,,0.056435134
Cyprus,CYP,2010,,,,,,,0.14918421
Cyprus,CYP,2011,,,,,,,0.15158793
Cyprus,CYP,2012,,,,,,,0.18813261
Cyprus,CYP,2013,,,,,,,0.22005036
Cyprus,CYP,2016,,,,,,,0.12053714
Denmark,DNK,1984,,,,,,,0.27298307
Denmark,DNK,1985,,,,,,,0.25590917
Denmark,DNK,1986,,,,,,,0.24787703
Denmark,DNK,1987,,,,,,,0.23633514
Denmark,DNK,1988,,,,,,,0.24734838
Denmark,DNK,1989,,,,,,,0.22535922
Denmark,DNK,1990,,,,,,,0.2264229
Denmark,DNK,1991,,,,,,,0.21423951
Denmark,DNK,1992,,,,,,,0.2102678
Denmark,DNK,1993,,,,,,,0.211129
Denmark,DNK,1995,,,,,,,0.1753375
Denmark,DNK,1996,,,,,,,0.17073995
Denmark,DNK,1997,,,,,,,0.17531623
Denmark,DNK,1998,,,,,,,0.17888637
Denmark,DNK,1999,,,,,,,0.17544566
Denmark,DNK,2000,,,,,,,0.19080813
Denmark,DNK,2001,,,,,,,0.1838461
Denmark,DNK,2002,,,,,,,0.13462389
Denmark,DNK,2003,,,,,,,0.10803628
Denmark,DNK,2004,,,,,,,0.09615722
Denmark,DNK,2005,,,,,,,0.11299272
Denmark,DNK,2006,,,,,,,0.14029746
Denmark,DNK,2008,,,,,,,0.13575988
Denmark,DNK,2010,,,,,,,0.13622183
Denmark,DNK,2011,,,,,,,0.13306853
Denmark,DNK,2012,,,,,,,0.1031046
Denmark,DNK,2013,,,,,,,0.10086695
Denmark,DNK,2015,,,,,,,0.071291685
Denmark,DNK,2016,,,,,,,0.062620245
Denmark,DNK,2017,,,,,,,0.05170197
Denmark,DNK,2018,,,,,,,0.049320128
Denmark,DNK,2019,,,,,,,0.050691124
Denmark,DNK,2020,,,,,,,0.044882674
Dominican Republic,DOM,2007,,,,,,,0.11157825
Dominican Republic,DOM,2009,,,,,,,0.0791434
Dominican Republic,DOM,2011,,,,,,,0.08354424
Dominican Republic,DOM,2012,,,,,,,0.12719491
Dominican Republic,DOM,2013,,,,,,,0.08731135
Dominican Republic,DOM,2014,,,,,,,0.16479385
Dominican Republic,DOM,2016,,,,,,,0.09313559
Dominican Republic,DOM,2017,,,,,,,0.0719312
Dominican Republic,DOM,2018,,,,,,,0.07918608
Dominican Republic,DOM,2019,,,,,,,0.05942303
Dominican Republic,DOM,2020,,,,,,,0.0660741
Dominican Republic,DOM,2024,,,,,,,0.08344363
Egypt,EGY,2007,,,,,,,0.053881653
Egypt,EGY,2010,,,,,,,0.07910572
Egypt,EGY,2015,,,,,,,0.072644636
Egypt,EGY,2018,,,,,,,0.06473778
Egypt,EGY,2020,,,,,,,0.052266162
Egypt,EGY,2021,,,,,,,0.0492748
Egypt,EGY,2022,,,,,,,0.047604043
Egypt,EGY,2023,,,,,,,0.05511983
Egypt,EGY,2024,,,,,,,0.05969164
Egypt,EGY,2025,,,,,,,0.05471773
Ethiopia,ETH,2011,,,,,,,0.11940686
Ethiopia,ETH,2012,,,,,,,0.11190786
Ethiopia,ETH,2015,,,,,,,0.10011109
Ethiopia,ETH,2016,,,,,,,0.102308564
Ethiopia,ETH,2019,,,,,,,0.06943596
Ethiopia,ETH,2022,,,,,,,0.052687824
Finland,FIN,2013,,,,,,,0.070699915
Finland,FIN,2014,,,,,,,0.09207961
Finland,FIN,2015,,,,,,,0.08614764
Finland,FIN,2016,,,,,,,0.06919769
Finland,FIN,2017,,,,,,,0.061393753
Finland,FIN,2018,,,,,,,0.05290431
Finland,FIN,2019,,,,,,,0.042111903
Finland,FIN,2020,,,,,,,0.034456704
Finland,FIN,2021,,,,,,,0.040455483
Finland,FIN,2022,,,,,,,0.04405322
Finland,FIN,2023,,,,,,,0.043803457
Finland,FIN,2024,,,,,,,0.04201187
Finland,FIN,2025,,,,,,,0.043889597
France,FRA,1991,,,,,,,0.23304047
France,FRA,1993,,,,,,,0.24729137
France,FRA,1996,,,,,,,0.22632752
France,FRA,1997,,,,,,,0.21058697
France,FRA,1998,,,,,,,0.20839563
France,FRA,1999,,,,,,,0.19949833
France,FRA,2000,,,,,,,0.15816864
France,FRA,2001,,,,,,,0.16092104
France,FRA,2002,,,,,,,0.16610536
France,FRA,2003,,,,,,,0.12859285
France,FRA,2004,,,,,,,0.14488511
France,FRA,2005,,,,,,,0.14296116
France,FRA,2006,,,,,,,0.14413239
France,FRA,2007,,,,,,,0.13543598
France,FRA,2008,,,,,,,0.18241002
France,FRA,2009,,,,,,,0.15037876
France,FRA,2010,,,,0.45621783,,,0.15086353
France,FRA,2011,,,,0.45400876,,,0.13277026
France,FRA,2012,,,,0.46296307,,,0.1180426
France,FRA,2013,,,,0.27948007,,,0.10686942
France,FRA,2014,,,,0.18537629,,,0.09764253
France,FRA,2015,,,,0.12987319,,,0.09126384
France,FRA,2016,,,,0.10152005,,,0.083152436
France,FRA,2017,,,,0.0906761,,,0.09086037
France,FRA,2018,,,,0.07639155,,,0.070885845
France,FRA,2019,,,,0.06746899,,,0.058222495
France,FRA,2020,,,,0.060779765,,,0.050697178
France,FRA,2021,,,,0.055447746,,,0.04979184
France,FRA,2022,,,,0.064131945,,,0.052869555
France,FRA,2023,,,,0.05446775,,,0.04969341
France,FRA,2024,,,,0.07251912,,,0.06120343
France,FRA,2025,,,,0.05665078,,,0.066641554
Germany,DEU,1984,,,,,,,0.2896349
Germany,DEU,1990,,,,,,,0.2517671
Germany,DEU,1991,,,,,,,0.23833346
Germany,DEU,1992,,,,,,,0.25885403
Germany,DEU,1993,,,,,,,0.25331217
Germany,DEU,1994,,,,,,,0.19106123
Germany,DEU,1995,,,,,,,0.23396555
Germany,DEU,1996,,,,,,,0.21483244
Germany,DEU,1997,,,,,,,0.21339685
Germany,DEU,1998,,,,,,,0.1989183
Germany,DEU,1999,,,,,,,0.21179731
Germany,DEU,2000,,,,,,,0.20870626
Germany,DEU,2001,,,,,,,0.21782702
Germany,DEU,2002,,,,,,,0.17353728
Germany,DEU,2003,,,,,,,0.15850054
Germany,DEU,2004,,,,,,,0.15863702
Germany,DEU,2005,,,,,,,0.16416979
Germany,DEU,2006,,,,,,,0.16884625
Germany,DEU,2007,,,,,,,0.15520753
Germany,DEU,2008,,,,,,,0.18654375
Germany,DEU,2009,,,,,,,0.17243625
Germany,DEU,2010,,,,0.43286258,,,0.15879458
Germany,DEU,2011,,,,0.3578721,,,0.15165226
Germany,DEU,2012,,,,0.28715533,,,0.13477096
Germany,DEU,2013,,,,0.2217285,,,0.12577121
Germany,DEU,2014,,,,0.16527328,,,0.111987285
Germany,DEU,2015,,,,0.12924017,,,0.10055146
Germany,DEU,2016,,,,0.11192833,,,0.090135194
Germany,DEU,2017,,,,0.1017431,,,0.08729991
Germany,DEU,2018,,,,0.09560275,,,0.073189735
Germany,DEU,2019,,,,0.076209664,,,0.060275838
Germany,DEU,2020,,,,0.0619805,,,0.05111326
Germany,DEU,2021,,,,0.05887452,,,0.056133773
Germany,DEU,2022,,,,0.07302038,,,0.05774945
Germany,DEU,2023,,,,0.052454896,,,0.054817148
Germany,DEU,2024,,,,0.0601958,,,0.047414534
Germany,DEU,2025,,,,0.06490183,,,0.051544808
Greece,GRC,2010,,,,0.44911653,,,0.15431772
Greece,GRC,2011,,,,0.30506033,,,0.10199486
Greece,GRC,2012,,,,0.1829845,,,0.12300314
Greece,GRC,2013,,,,0.16167116,,,
Greece,GRC,2014,,,,,,,0.109748885
Greece,GRC,2015,,,,,,,0.10473761
Greece,GRC,2016,,,,,,,0.08669903
Greece,GRC,2017,,,,0.15794194,,,0.084061965
Greece,GRC,2018,,,,0.124378555,,,0.08698034
Greece,GRC,2019,,,,,,,0.069401965
Greece,GRC,2020,,,,0.05838799,,,0.07294402
Greece,GRC,2021,,,,0.055171933,,,0.05964761
Greece,GRC,2022,,,,0.07649471,,,0.052026533
Greece,GRC,2023,,,,0.047414925,,,0.04806639
Greece,GRC,2024,,,,0.04500617,,,0.07004984
Greece,GRC,2025,,,,,,,0.062129296
India,IND,1990,,,,,,,0.27522212
India,IND,1991,,,,,,,0.31447753
India,IND,1992,,,,,,,0.28803286
India,IND,1993,,,,,,,0.28803286
India,IND,1994,,,,,,,0.28803286
India,IND,1995,,,,,,,0.2704031
India,IND,1996,,,,,,,0.26158822
India,IND,1997,,,,,,,0.24013466
India,IND,1998,,,,,,,0.24395844
India,IND,1999,,,,,,,0.23514356
India,IND,2000,,,,,,,0.21196198
India,IND,2001,,,,,,,0.17062677
India,IND,2002,,,,,,,0.15888515
India,IND,2003,,,,,,,0.17249316
India,IND,2004,,,,,,,0.1263094
India,IND,2005,,,,,,,0.13292426
India,IND,2006,,,,,,,0.14894596
India,IND,2007,,,,,,,0.11968868
India,IND,2008,,,,,,,0.12699059
India,IND,2009,,,,,,,0.097643346
India,IND,2010,,,,0.4056847,,,0.09961408
India,IND,2011,,,,0.25358012,,,0.09384744
India,IND,2012,,,,0.21880834,,,0.105874114
India,IND,2013,,,,0.21562417,,,0.103953145
India,IND,2014,,,,0.14371087,,,0.10089447
India,IND,2015,,,,0.09353033,,,0.087220214
India,IND,2016,,,,0.087525174,,,0.07530705
India,IND,2017,,,,0.08097292,,,0.06011181
India,IND,2018,,,,0.05787765,,,0.047091447
India,IND,2019,,,,0.045615382,,,0.045043454
India,IND,2020,,,,0.04310903,,,0.040804666
India,IND,2021,,,,0.040222395,,,0.033337343
India,IND,2022,,,,0.039683133,,,0.03968745
India,IND,2023,,,,0.04283813,,,0.048254125
India,IND,2024,,,,0.03829114,,,0.04837377
India,IND,2025,,,,0.03524938,,,0.042872306
Indonesia,IDN,2017,,,,,,,0.13979171
Indonesia,IDN,2018,,,,,,,0.073621094
Indonesia,IDN,2019,,,,,,,0.11306627
Indonesia,IDN,2020,,,,,,,0.08750501
Ireland,IRL,2003,,,,,,,0.100771986
Ireland,IRL,2009,,,,,,,0.1071065
Ireland,IRL,2010,,,,,,,0.16218926
Ireland,IRL,2011,,,,,,,0.10750926
Ireland,IRL,2012,,,,,,,0.095835425
Ireland,IRL,2013,,,,,,,0.09386973
Ireland,IRL,2014,,,,,,,0.11760804
Ireland,IRL,2015,,,,,,,0.061931588
Ireland,IRL,2016,,,,,,,0.05323073
Ireland,IRL,2017,,,,,,,0.061041392
Ireland,IRL,2018,,,,,,,0.054837238
Ireland,IRL,2019,,,,,,,0.0642056
Ireland,IRL,2020,,,,,,,0.08082932
Ireland,IRL,2022,,,,,,,0.044479836
Ireland,IRL,2023,,,,,,,0.036810312
Ireland,IRL,2024,,,,,,,0.034880392
Italy,ITA,1989,,,,,,,0.23460421
Italy,ITA,1991,,,,,,,0.22313303
Italy,ITA,1992,,,,,,,0.24156353
Italy,ITA,1993,,,,,,,0.23602167
Italy,ITA,1994,,,,,,,0.22153606
Italy,ITA,1995,,,,,,,0.2092833
Italy,ITA,1996,,,,,,,0.21446468
Italy,ITA,1997,,,,,,,0.19931726
Italy,ITA,1998,,,,,,,0.19712594
Italy,ITA,1999,,,,,,,0.18822864
Italy,ITA,2000,,,,,,,0.18044901
Italy,ITA,2001,,,,,,,0.1511213
Italy,ITA,2002,,,,,,,0.16872965
Italy,ITA,2003,,,,,,,0.1526511
Italy,ITA,2004,,,,,,,0.13201234
Italy,ITA,2005,,,,,,,0.14949775
Italy,ITA,2006,,,,,,,0.14688449
Italy,ITA,2007,,,,,,,0.14592503
Italy,ITA,2008,,,,,,,0.15613618
Italy,ITA,2009,,,,,,,0.16764794
Italy,ITA,2010,,,,0.47211102,,,0.15333048
Italy,ITA,2011,,,,0.43576285,,,0.17670414
Italy,ITA,2012,,,,0.22945178,,,0.15937231
Italy,ITA,2013,,,,0.20336157,,,0.114887804
Italy,ITA,2014,,,,0.16050053,,,0.109356835
Italy,ITA,2015,,,,,,,0.10574759
Italy,ITA,2016,,,,,,,0.08028495
Italy,ITA,2017,,,,0.08145198,,,0.0970595
Italy,ITA,2018,,,,0.071168676,,,0.06362549
Italy,ITA,2019,,,,0.065653645,,,0.058439624
Italy,ITA,2020,,,,0.06023178,,,0.057472445
Italy,ITA,2021,,,,0.05804125,,,0.04508933
Italy,ITA,2022,,,,0.0647723,,,0.04418795
Italy,ITA,2023,,,,0.056356527,,,0.05207654
Italy,ITA,2024,,,,0.062009286,,,0.055962175
Italy,ITA,2025,,,,0.06252388,,,0.057106305
Japan,JPN,2000,,,,,,,0.19084096
Japan,JPN,2005,,,,,,,0.18840638
Japan,JPN,2010,,,,,,,0.19031094
Japan,JPN,2011,,,,0.5159704,,,0.16475795
Japan,JPN,2012,,,,0.36312267,,,0.2082326
Japan,JPN,2013,,,,0.3006787,,,0.18547483
Japan,JPN,2014,,,,0.2659857,,,0.17303234
Japan,JPN,2015,,,,0.18953212,,,0.1421567
Japan,JPN,2016,,,,0.19050677,,,0.19888145
Japan,JPN,2017,,,,0.1501114,,,0.13931288
Japan,JPN,2018,,,,0.13866292,,,0.15676291
Japan,JPN,2019,,,,0.12726365,,,0.13387117
Japan,JPN,2020,,,,0.11845534,,,0.11736289
Japan,JPN,2021,,,,0.10270889,,,0.15532671
Japan,JPN,2022,,,,0.10259636,,,0.1588271
Japan,JPN,2023,,,,0.10563104,,,0.12885275
Japan,JPN,2024,,,,0.12307185,,,0.13589929
Japan,JPN,2025,,,,,,,0.10855229
Kazakhstan,KAZ,2025,,,,,,,0.047972403
Laos,LAO,2025,,,,,,,0.115845114
Lithuania,LTU,2024,,,,,,,0.04879585
Lithuania,LTU,2025,,,,,,,0.059811115
Mexico,MEX,2007,,,,,,,0.07197102
Mexico,MEX,2008,,,,,,,0.063288145
Mexico,MEX,2009,,,,,,,0.08936026
Mexico,MEX,2010,,,,,,,0.11223163
Mexico,MEX,2011,,,,,,,0.09656419
Mexico,MEX,2012,,,,0.3312281,,,0.07513683
Mexico,MEX,2013,,,,0.21345128,,,0.08772501
Mexico,MEX,2014,,,,0.1521159,,,0.0855938
Mexico,MEX,2015,,,,0.09426595,,,0.07841502
Mexico,MEX,2016,,,,0.17697866,,,0.07821314
Mexico,MEX,2017,,,,0.16022645,,,0.06536912
Mexico,MEX,2018,,,,0.0935992,,,0.046236873
Mexico,MEX,2019,,,,0.08424944,,,0.063694745
Mexico,MEX,2020,,,,0.062313337,,,0.051426787
Mexico,MEX,2021,,,,0.056258187,,,0.046926
Mexico,MEX,2022,,,,0.071278304,,,0.049193047
Mexico,MEX,2023,,,,0.073232,,,
Morocco,MAR,2000,,,,,,,0.13300683
Morocco,MAR,2001,,,,,,,0.11387414
Morocco,MAR,2005,,,,,,,0.06868309
Morocco,MAR,2007,,,,,,,0.08797487
Morocco,MAR,2011,,,,,,,0.08267733
Morocco,MAR,2012,,,,,,,0.10245692
Morocco,MAR,2013,,,,,,,0.0795557
Morocco,MAR,2014,,,,,,,0.07546282
Morocco,MAR,2016,,,,,,,0.061881874
Morocco,MAR,2017,,,,,,,0.053603824
Morocco,MAR,2018,,,,,,,0.06488611
Morocco,MAR,2020,,,,,,,0.04751978
Morocco,MAR,2021,,,,,,,0.052527867
Morocco,MAR,2022,,,,,,,0.05550887
Morocco,MAR,2023,,,,,,,0.044635847
Morocco,MAR,2024,,,,,,,0.042590316
Netherlands,NLD,2000,,,,,,,0.112995446
Netherlands,NLD,2002,,,,,,,0.082425214
Netherlands,NLD,2003,,,,,,,0.11890719
Netherlands,NLD,2004,,,,,,,0.12972525
Netherlands,NLD,2005,,,,,,,0.079450056
Netherlands,NLD,2006,,,,,,,0.13444741
Netherlands,NLD,2007,,,,,,,0.15913884
Netherlands,NLD,2008,,,,,,,0.10690943
Netherlands,NLD,2010,,,,,,,0.1071179
Netherlands,NLD,2012,,,,,,,0.12844934
Netherlands,NLD,2013,,,,,,,0.09088859
Netherlands,NLD,2014,,,,,,,0.10883688
Netherlands,NLD,2015,,,,,,,0.10068709
Netherlands,NLD,2016,,,,0.13473746,,,0.08482742
Netherlands,NLD,2017,,,,0.15092458,,,0.09345384
Netherlands,NLD,2018,,,,0.11435752,,,0.05115059
Netherlands,NLD,2019,,,,0.10892326,,,0.05642317
Netherlands,NLD,2020,,,,0.10539715,,,0.041962832
Netherlands,NLD,2021,,,,0.09194684,,,0.047422305
Netherlands,NLD,2022,,,,0.09546259,,,0.048792668
Netherlands,NLD,2023,,,,0.068777055,,,0.043467604
Netherlands,NLD,2024,,,,0.043643683,,,0.041544158
New Zealand,NZL,2011,,,,,,,0.089892544
New Zealand,NZL,2014,,,,,,,0.08322095
New Zealand,NZL,2015,,,,,,,0.071268186
New Zealand,NZL,2020,,,,,,,0.03766828
New Zealand,NZL,2021,,,,,,,0.03676585
New Zealand,NZL,2023,,,,,,,0.042845745
New Zealand,NZL,2024,,,,,,,0.042666122
Norway,NOR,2001,,,,,,,0.5756802
Norway,NOR,2002,,,,,,,0.12452025
Norway,NOR,2005,,,,,,,0.4073341
Norway,NOR,2006,,,,,,,0.07150642
Norway,NOR,2012,,,,,,,0.12334424
Norway,NOR,2013,,,,,,,0.09876536
Norway,NOR,2015,,,,,,,0.0627167
Norway,NOR,2016,,,,,,,0.07124192
Norway,NOR,2017,,,,,,,0.061598044
Norway,NOR,2018,,,,,,,0.06500655
Norway,NOR,2019,,,,,,,0.06454831
Norway,NOR,2020,,,,,,,0.042531792
Norway,NOR,2021,,,,,,,0.041735824
Pakistan,PAK,2009,,,,,,,0.15260194
Pakistan,PAK,2012,,,,,,,0.14948945
Pakistan,PAK,2014,,,,,,,0.091611646
Pakistan,PAK,2015,,,,,,,0.1435489
Pakistan,PAK,2016,,,,,,,0.1255276
Pakistan,PAK,2017,,,,,,,0.13553134
Pakistan,PAK,2018,,,,,,,0.09822822
Pakistan,PAK,2021,,,,,,,0.07661813
Pakistan,PAK,2022,,,,,,,0.05540094
Panama,PAN,2013,,,,,,,0.099661924
Panama,PAN,2014,,,,,,,0.088774286
Panama,PAN,2015,,,,,,,0.0955435
Panama,PAN,2016,,,,,,,0.12244925
Peru,PER,2013,,,,,,,0.06487301
Peru,PER,2014,,,,,,,0.09307982
Peru,PER,2015,,,,,,,0.06950798
Peru,PER,2016,,,,,,,0.056203995
Peru,PER,2018,,,,,,,0.034956455
Peru,PER,2023,,,,,,,0.033064544
Peru,PER,2024,,,,,,,0.033228975
Peru,PER,2025,,,,,,,0.033866346
Philippines,PHL,2005,,,,,,,0.11052688
Philippines,PHL,2006,,,,,,,0.16130272
Philippines,PHL,2013,,,,,,,0.17666155
Philippines,PHL,2014,,,,,,,0.14914532
Philippines,PHL,2015,,,,,,,0.14726026
Philippines,PHL,2016,,,,,,,0.14768408
Philippines,PHL,2017,,,,,,,0.11561627
Philippines,PHL,2019,,,,,,,0.07548609
Philippines,PHL,2023,,,,,,,0.060718648
Philippines,PHL,2024,,,,,,,0.08192933
Poland,POL,2001,,,,,,,0.117229156
Poland,POL,2002,,,,,,,0.10897377
Poland,POL,2006,,,,,,,0.13960008
Poland,POL,2007,,,,,,,0.113890156
Poland,POL,2008,,,,,,,0.0653099
Poland,POL,2010,,,,,,,0.18014097
Poland,POL,2011,,,,,,,0.15269305
Poland,POL,2012,,,,,,,0.14213887
Poland,POL,2013,,,,,,,0.15912358
Poland,POL,2014,,,,,,,0.11818742
Poland,POL,2015,,,,,,,0.09564847
Poland,POL,2016,,,,,,,0.08606295
Poland,POL,2017,,,,,,,0.06588524
Poland,POL,2020,,,,0.14841741,,,0.04336406
Poland,POL,2021,,,,0.10041557,,,0.048141766
Poland,POL,2022,,,,0.11771458,,,0.053480368
Poland,POL,2023,,,,0.08055421,,,0.05090747
Poland,POL,2024,,,,0.08640794,,,0.05627844
Poland,POL,2025,,,,0.106780045,,,0.060063075
Portugal,PRT,2003,,,,,,,0.1027142
Portugal,PRT,2004,,,,,,,0.115808405
Portugal,PRT,2005,,,,,,,0.1202656
Portugal,PRT,2006,,,,,,,0.113594405
Portugal,PRT,2007,,,,,,,0.12858506
Portugal,PRT,2008,,,,,,,0.11554304
Portugal,PRT,2009,,,,,,,0.15463792
Portugal,PRT,2010,,,,,,,0.1225154
Portugal,PRT,2011,,,,,,,0.15752651
Portugal,PRT,2012,,,,,,,0.13166505
Portugal,PRT,2013,,,,,,,0.12646028
Portugal,PRT,2014,,,,,,,0.0973783
Portugal,PRT,2015,,,,,,,0.093869135
Portugal,PRT,2016,,,,,,,0.09749932
Portugal,PRT,2017,,,,,,,0.058706824
Portugal,PRT,2018,,,,0.059366547,,,0.05408909
Portugal,PRT,2019,,,,0.0646045,,,
Portugal,PRT,2020,,,,0.05557645,,,
Portugal,PRT,2021,,,,0.0554134,,,
Portugal,PRT,2022,,,,0.06365554,,,
Portugal,PRT,2023,,,,0.05489604,,,
Russia,RUS,2015,,,,,,,0.11153725
Russia,RUS,2018,,,,,,,0.0634787
Russia,RUS,2019,,,,,,,0.06146891
Russia,RUS,2020,,,,,,,0.062054306
Russia,RUS,2021,,,,,,,0.052946944
Russia,RUS,2022,,,,,,,0.043760225
Russia,RUS,2023,,,,,,,0.11098332
Russia,RUS,2024,,,,,,,0.061
Russia,RUS,2025,,,,,,,0.085
Saudi Arabia,SAU,2017,,,,0.32917836,,,
Saudi Arabia,SAU,2018,,,,0.09042032,,,
Saudi Arabia,SAU,2019,,,,0.06677319,,,
Saudi Arabia,SAU,2021,,,,0.05733721,,,
Saudi Arabia,SAU,2022,,,,0.038563646,,,
Saudi Arabia,SAU,2023,,,,0.044272188,,,
Saudi Arabia,SAU,2024,,,,0.041301407,,,
Saudi Arabia,SAU,2025,,,,0.03967783,,,
Serbia,SRB,2024,,,,,,,0.061183892
Serbia,SRB,2025,,,,,,,0.08216961
South Africa,ZAF,2008,,,,,,,0.12175355
South Africa,ZAF,2012,,,,,,,0.1293436
South Africa,ZAF,2013,,,,,,,0.14895849
South Africa,ZAF,2014,,,,,,,0.1257461
South Africa,ZAF,2015,,,,,,,0.101895325
South Africa,ZAF,2016,,,,,,,0.08627036
South Africa,ZAF,2017,,,,,,,0.07331885
South Africa,ZAF,2018,,,,0.10143963,,,
South Africa,ZAF,2019,,,,0.0782794,,,0.064345494
South Africa,ZAF,2020,,,,0.075226836,,,0.05757637
South Africa,ZAF,2021,,,,0.06166614,,,0.053848285
South Africa,ZAF,2022,,,,0.06763239,,,0.04205908
South Africa,ZAF,2023,,,,0.078831166,,,0.051767226
South Africa,ZAF,2025,,,,,,,0.057504807
South Korea,KOR,2004,,,,,,,0.14035507
South Korea,KOR,2005,,,,,,,0.11632163
South Korea,KOR,2006,,,,,,,0.1504665
South Korea,KOR,2007,,,,,,,0.12049055
South Korea,KOR,2008,,,,,,,0.13753499
South Korea,KOR,2009,,,,,,,0.11448575
South Korea,KOR,2010,,,,0.4306071,,,0.14316475
South Korea,KOR,2011,,,,0.54482305,,,0.12929302
South Korea,KOR,2012,,,,0.28269687,,,0.14333595
South Korea,KOR,2013,,,,0.2582581,,,
South Korea,KOR,2014,,,,0.19834794,,,
South Korea,KOR,2015,,,,0.18204585,,,0.13176225
South Korea,KOR,2016,,,,0.1741185,,,0.09039339
South Korea,KOR,2017,,,,0.11670691,,,0.086208336
South Korea,KOR,2018,,,,0.09590829,,,0.069762416
South Korea,KOR,2019,,,,0.08788987,,,0.0721757
South Korea,KOR,2020,,,,0.066601954,,,
South Korea,KOR,2021,,,,0.0634892,,,0.07005853
South Korea,KOR,2022,,,,0.07831042,,,0.085985936
South Korea,KOR,2023,,,,0.06927027,,,0.07012827
South Korea,KOR,2024,,,,0.085215606,,,0.09075889
South Korea,KOR,2025,,,,0.054414574,,,0.06960722
Spain,ESP,1990,,,,,,,0.17633705
Spain,ESP,1991,,,,,,,0.1747561
Spain,ESP,1992,,,,,,,0.16590802
Spain,ESP,1993,,,,,,,0.16190529
Spain,ESP,1994,,,,,,,0.15144269
Spain,ESP,1995,,,,,,,0.14259286
Spain,ESP,1996,,,,,,,0.13859011
Spain,ESP,1997,,,,,,,0.13539463
Spain,ESP,1998,,,,,,,0.1306007
Spain,ESP,1999,,,,,,,0.121352986
Spain,ESP,2000,,,,,,,0.12623571
Spain,ESP,2001,,,,,,,0.122080974
Spain,ESP,2002,,,,,,,0.115279146
Spain,ESP,2003,,,,,,,0.111380674
Spain,ESP,2004,,,,,,,0.12294006
Spain,ESP,2005,,,,,,,0.11574198
Spain,ESP,2006,,,,,,,0.119541794
Spain,ESP,2007,,,,,,,0.13894987
Spain,ESP,2008,,,,,,,0.13684589
Spain,ESP,2009,,,,,,,0.13135393
Spain,ESP,2010,,,,0.37728053,,,0.1330089
Spain,ESP,2011,,,,0.26118296,,,0.12509404
Spain,ESP,2012,,,,0.21117711,,,0.10765394
Spain,ESP,2013,,,,0.16023909,,,0.10306053
Spain,ESP,2014,,,,0.15388542,,,0.08576074
Spain,ESP,2015,,,,0.08248337,,,0.06950602
Spain,ESP,2016,,,,,,,0.064062946
Spain,ESP,2017,,,,,,,0.061145525
Spain,ESP,2018,,,,,,,0.08700901
Spain,ESP,2019,,,,0.05576035,,,0.0429723
Spain,ESP,2020,,,,0.051145058,,,0.03428823
Spain,ESP,2021,,,,0.054418083,,,0.027758196
Spain,ESP,2022,,,,0.048341516,,,0.034485288
Spain,ESP,2023,,,,0.039980456,,,0.036824185
Spain,ESP,2024,,,,0.053811442,,,0.042728398
Spain,ESP,2025,,,,0.04356941,,,0.04459987
Sweden,SWE,1984,,,,,,,0.28895682
Sweden,SWE,1990,,,,,,,0.25112113
Sweden,SWE,1991,,,,,,,0.23771705
Sweden,SWE,1992,,,,,,,0.25815287
Sweden,SWE,1993,,,,,,,0.252611
Sweden,SWE,1994,,,,,,,0.23812537
Sweden,SWE,1995,,,,,,,0.22587264
Sweden,SWE,1996,,,,,,,0.23192713
Sweden,SWE,1997,,,,,,,0.21590658
Sweden,SWE,1998,,,,,,,0.21371527
Sweden,SWE,1999,,,,,,,0.20481797
Sweden,SWE,2001,,,,,,,0.16554679
Sweden,SWE,2002,,,,,,,0.18941045
Sweden,SWE,2003,,,,,,,0.14618783
Sweden,SWE,2004,,,,,,,0.15920585
Sweden,SWE,2005,,,,,,,0.16470474
Sweden,SWE,2006,,,,,,,0.16470474
Sweden,SWE,2007,,,,,,,0.14918594
Sweden,SWE,2008,,,,,,,0.16920725
Sweden,SWE,2009,,,,,,,0.16256332
Sweden,SWE,2010,,,,,,,0.12880659
Sweden,SWE,2011,,,,,,,0.12208535
Sweden,SWE,2012,,,,,,,0.117841095
Sweden,SWE,2013,,,,,,,0.09361938
Sweden,SWE,2014,,,,,,,0.101477385
Sweden,SWE,2015,,,,,,,0.08251437
Sweden,SWE,2016,,,,,,,0.06975087
Sweden,SWE,2017,,,,,,,0.061485138
Sweden,SWE,2018,,,,,,,0.046545815
Sweden,SWE,2019,,,,,,,0.044657037
Sweden,SWE,2020,,,,,,,0.04259455
Sweden,SWE,2021,,,,,,,0.039879598
Sweden,SWE,2022,,,,,,,0.038999435
Sweden,SWE,2023,,,,,,,0.045045447
Sweden,SWE,2024,,,,,,,0.057046846
Sweden,SWE,2025,,,,,,,0.046920497
Thailand,THA,2010,,,,0.41621095,,,
Thailand,THA,2011,,,,0.42480165,,,
Thailand,THA,2012,,,,0.38952762,,,
Thailand,THA,2013,,,,0.25651518,,,
Thailand,THA,2014,,,,0.2638357,,,
Thailand,THA,2015,,,,0.2273523,,,
Thailand,THA,2016,,,,0.22163641,,,
Thailand,THA,2017,,,,0.16937909,,,
Thailand,THA,2018,,,,0.07769886,,,
Thailand,THA,2019,,,,0.08995632,,,
Thailand,THA,2020,,,,0.09897649,,,
Thailand,THA,2021,,,,0.066321775,,,
Thailand,THA,2022,,,,0.051888503,,,
Thailand,THA,2025,,,,0.074634165,,,
Turkey,TUR,1998,,,,,,,0.09830264
Turkey,TUR,2000,,,,,,,0.089314096
Turkey,TUR,2009,,,,,,,0.07673097
Turkey,TUR,2010,,,,,,,0.14441991
Turkey,TUR,2011,,,,,,,0.1066754
Turkey,TUR,2012,,,,,,,0.09386107
Turkey,TUR,2013,,,,,,,0.09538295
Turkey,TUR,2014,,,,,,,0.095851585
Turkey,TUR,2015,,,,,,,0.090810955
Turkey,TUR,2016,,,,0.14212704,,,0.080151975
Turkey,TUR,2017,,,,0.13644722,,,0.072889574
Turkey,TUR,2018,,,,0.10854605,,,0.080729775
Turkey,TUR,2019,,,,0.09838408,,,0.073649
Turkey,TUR,2020,,,,0.07535013,,,0.055152666
Turkey,TUR,2021,,,,0.071956344,,,0.049085516
Turkey,TUR,2022,,,,0.075084694,,,0.05840668
Turkey,TUR,2023,,,,0.07085222,,,0.07832752
Turkey,TUR,2024,,,,0.08683727,,,0.070539236
Turkey,TUR,2025,,,,0.08621213,,,0.061320174
Ukraine,UKR,2013,,,,,,,0.16588853
Ukraine,UKR,2014,,,,,,,0.13565658
Ukraine,UKR,2017,,,,,,,0.112069756
Ukraine,UKR,2019,,,,,,,0.088293046
Ukraine,UKR,2020,,,,,,,0.060029395
Ukraine,UKR,2021,,,,,,,0.053997826
Ukraine,UKR,2023,,,,,,,0.10062135
United Kingdom,GBR,1989,,,,,,,0.23437098
United Kingdom,GBR,1990,,,,,,,0.23561879
United Kingdom,GBR,1991,,,,,,,0.22292337
United Kingdom,GBR,1992,,,,,,,0.23956628
United Kingdom,GBR,1993,,,,,,,0.21940112
United Kingdom,GBR,1994,,,,,,,0.22129756
United Kingdom,GBR,1995,,,,,,,0.20904483
United Kingdom,GBR,1996,,,,,,,0.21421364
United Kingdom,GBR,1997,,,,,,,0.19907877
United Kingdom,GBR,1998,,,,,,,0.19688746
United Kingdom,GBR,1999,,,,,,,0.18799016
United Kingdom,GBR,2000,,,,,,,0.12869626
United Kingdom,GBR,2001,,,,,,,0.14613669
United Kingdom,GBR,2002,,,,,,,0.15217184
United Kingdom,GBR,2003,,,,,,,0.15244374
United Kingdom,GBR,2004,,,,,,,0.16058025
United Kingdom,GBR,2005,,,,,,,0.15135181
United Kingdom,GBR,2006,,,,,,,0.15185076
United Kingdom,GBR,2007,,,,,,,0.14407001
United Kingdom,GBR,2008,,,,,,,0.15859364
United Kingdom,GBR,2009,,,,,,,0.087046236
United Kingdom,GBR,2010,,,,0.6212772,,,0.11532087
United Kingdom,GBR,2011,,,,0.57240313,,,0.118333034
United Kingdom,GBR,2012,,,,0.33550027,,,0.10360631
United Kingdom,GBR,2013,,,,0.27084237,,,0.1049123
United Kingdom,GBR,2014,,,,0.22103882,,,0.09902126
United Kingdom,GBR,2015,,,,0.17154783,,,0.090193465
United Kingdom,GBR,2016,,,,0.16218528,,,0.076404504
United Kingdom,GBR,2017,,,,0.13256006,,,0.0727575
United Kingdom,GBR,2018,,,,0.13467975,,,0.051258136
United Kingdom,GBR,2019,,,,0.099910215,,,0.06129324
United Kingdom,GBR,2020,,,,0.084413,,,0.047909357
United Kingdom,GBR,2021,,,,0.0775859,,,0.04382721
United Kingdom,GBR,2022,,,,0.08141446,,,0.03682578
United Kingdom,GBR,2023,,,,0.082789645,,,0.03189014
United Kingdom,GBR,2024,,,,,,,0.04539238
United Kingdom,GBR,2025,,,,,,,0.04100304
United States,USA,1984,,,,,,,0.3733838
United States,USA,1985,,,,,,,0.35096404
United States,USA,1986,,,,,,,0.31686842
United States,USA,1987,,,,,,,0.31004933
United States,USA,1988,,,,,,,0.24063063
United States,USA,1989,,,,,,,0.22428097
United States,USA,1990,,,,,,,0.24796404
United States,USA,1991,,,,,,,0.24049425
United States,USA,1998,,,,,,,0.13725168
United States,USA,1999,,,,,,,0.13206603
United States,USA,2000,,,,,,,0.11503036
United States,USA,2001,,,,,,,0.108148456
United States,USA,2002,,,,,,,0.10231124
United States,USA,2003,,,,,,,0.09055179
United States,USA,2004,,,,,,,0.10019717
United States,USA,2005,,,,,,,0.08828756
United States,USA,2006,,,,,,,0.099747375
United States,USA,2007,,,,,,,0.098660305
United States,USA,2008,,,,,,,0.11261807
United States,USA,2009,,,,,,,0.12593967
United States,USA,2010,,,,0.2573775,,,0.11298894
United States,USA,2011,,,,0.2940013,,,0.11748805
United States,USA,2012,,,,0.2416833,,,0.101329274
United States,USA,2013,,,,0.2247678,,,0.08420034
United States,USA,2014,,,,0.17015259,,,0.067436114
United States,USA,2015,,,,0.15889297,,,0.061031222
United States,USA,2016,,,,0.14283915,,,0.05742456
United States,USA,2017,,,,0.10406889,,,0.05005332
United States,USA,2018,,,,0.08299926,,,0.046102077
United States,USA,2019,,,,0.06812352,,,0.041780364
United States,USA,2020,,,,0.06562752,,,0.037237886
United States,USA,2021,,,,0.061161496,,,0.032480188
United States,USA,2022,,,,0.06000075,,,0.029802565
United States,USA,2023,,,,0.058909874,,,0.03940049
United States,USA,2024,,,,0.069690436,,,0.038470604
United States,USA,2025,,,,0.062,,,0.039794423
Uruguay,URY,2011,,,,,,,0.1338971
Uruguay,URY,2012,,,,,,,0.11563635
Uruguay,URY,2013,,,,,,,0.08089767
Uruguay,URY,2014,,,,,,,0.086148955
Uruguay,URY,2015,,,,,,,0.06866414
Uruguay,URY,2017,,,,,,,0.059390515
Uzbekistan,UZB,2021,,,,0.078424335,,,
Uzbekistan,UZB,2022,,,,0.08048234,,,
Uzbekistan,UZB,2023,,,,0.07822473,,,
Uzbekistan,UZB,2024,,,,0.07192147,,,0.03486305
Uzbekistan,UZB,2025,,,,0.06041487,,,0.06198317
Vietnam,VNM,2009,,,,,,,0.10195736
Vietnam,VNM,2011,,,,,,,0.116527274
Vietnam,VNM,2012,,,,,,,0.11858994
Vietnam,VNM,2013,,,,,,,0.119737215
Vietnam,VNM,2015,,,,,,,0.098281205
Vietnam,VNM,2016,,,,,,,0.08110437
Vietnam,VNM,2017,,,,,,,0.076366395
Vietnam,VNM,2019,,,,,,,0.08623879
Vietnam,VNM,2020,,,,,,,0.06375663
Vietnam,VNM,2021,,,,,,,0.053583924
Vietnam,VNM,2022,,,,,,,0.05177927
Vietnam,VNM,2023,,,,,,,0.053088505
Vietnam,VNM,2024,,,,,,,0.049008973
World,OWID_WRL,1984,,,,,,,0.36901492
World,OWID_WRL,1985,,,,,,,0.34263808
World,OWID_WRL,1986,,,,,,,0.30412003
World,OWID_WRL,1987,,,,,,,0.29504934
World,OWID_WRL,1988,,,,,,,0.2432522
World,OWID_WRL,1989,,,,,,,0.22499196
World,OWID_WRL,1990,,,,,,,0.23924543
World,OWID_WRL,1991,,,,,,,0.22948527
World,OWID_WRL,1992,,,,,,,0.22991455
World,OWID_WRL,1993,,,,,,,0.24186543
World,OWID_WRL,1994,,,,,,,0.22781546
World,OWID_WRL,1995,,,,,,,0.23817404
World,OWID_WRL,1996,,,,,,,0.21270302
World,OWID_WRL,1997,,,,,,,0.18611467
World,OWID_WRL,1998,,,,,,,0.17446508
World,OWID_WRL,1999,,,,,,,0.17177014
World,OWID_WRL,2000,,,0.19037046,,,,0.1839318
World,OWID_WRL,2001,,,0.18005022,,,,0.16142775
World,OWID_WRL,2002,,,0.15255101,,,,0.1492411
World,OWID_WRL,2003,,,0.14070371,,,,0.13073291
World,OWID_WRL,2004,,,0.19961967,,,,0.13292666
World,OWID_WRL,2005,,,0.1678998,,,,0.12446395
World,OWID_WRL,2006,,,0.16542275,,,,0.12805125
World,OWID_WRL,2007,,0.056721635,0.23655395,,,,0.11661135
World,OWID_WRL,2008,,0.063138634,0.23925008,,,,0.122769095
World,OWID_WRL,2009,,0.109420605,0.22014965,,,,0.1203612
World,OWID_WRL,2010,0.08847206,0.057836853,0.20842612,0.40771458,0.4115907,0.04370566,0.113624774
World,OWID_WRL,2011,0.08535203,,0.22120158,0.34384683,0.3815177,0.04131591,0.107712924
World,OWID_WRL,2012,0.07138037,0.09966607,0.18884064,0.25977334,0.3855947,0.04141836,0.098840915
World,OWID_WRL,2013,0.09458504,0.07336675,0.15528043,0.20261951,0.28220764,0.047016606,0.09904958
World,OWID_WRL,2014,0.09174505,0.074082755,0.19674823,0.18077093,0.24910912,0.037323296,0.08761301
World,OWID_WRL,2015,0.083090186,0.06837811,0.15726145,0.13368668,0.24877329,0.041365817,0.07600691
World,OWID_WRL,2016,0.07940568,0.077278756,0.12989524,0.1174326,0.2993714,0.054425713,0.069786325
World,OWID_WRL,2017,0.07871184,0.081349194,0.11862993,0.093562625,0.2513753,0.056140576,0.064790785
World,OWID_WRL,2018,0.061025836,0.07879731,0.115014374,0.079153046,0.15496989,0.04631387,0.0556333
World,OWID_WRL,2019,0.07212618,0.07833054,0.094266236,0.06849861,0.21341105,0.047993593,0.049264044
World,OWID_WRL,2020,0.080655456,0.066739745,0.09220973,0.060777713,0.12114394,0.051494826,0.04092597
World,OWID_WRL,2021,0.07490364,0.07743751,0.081596576,0.054347396,0.12929337,0.05653018,0.036080316
World,OWID_WRL,2022,0.06515455,0.06208036,0.080671065,0.050453365,0.12690917,0.06784769,0.03402001
World,OWID_WRL,2023,0.074031115,0.07635209,0.07669105,0.042612284,0.122035764,0.057933297,0.033140354
World,OWID_WRL,2024,0.08681341,0.057776697,0.0807271,0.043,0.105704315,0.056509614,0.03428341
World,OWID_WRL,2025,0.08550513,0.0886851,0.07790795,0.043538958,0.11483293,0.06169417,0.032949988